{"stats":{"minecraft:killed_by":{"minecraft:player":2,"minecraft:creeper":1,"minecraft:zombie":1},"minecraft:mined":{"minecraft:deepslate_redstone_ore":1,"minecraft:tuff":2,"minecraft:mossy_cobblestone":2,"minecraft:deepslate_diamond_ore":11,"minecraft:cherry_log":5,"minecraft:sculk_vein":41,"minecraft:crafting_table":3,"minecraft:obsidian":4,"minecraft:cornflower":1,"minecraft:grass_block":10,"minecraft:sculk_sensor":1,"minecraft:tall_grass":1,"minecraft:cobblestone":3,"minecraft:sculk":468,"minecraft:wall_torch":3,"minecraft:amethyst_block":1,"minecraft:spawner":1,"minecraft:pink_petals":13,"minecraft:furnace":1,"minecraft:cobbled_deepslate":30,"minecraft:andesite":1,"minecraft:deepslate_lapis_ore":7,"minecraft:azure_bluet":1,"minecraft:grass":27,"minecraft:coal_ore":15,"minecraft:oak_log":5,"minecraft:deepslate_iron_ore":7,"minecraft:cherry_leaves":18,"minecraft:dirt":11,"minecraft:stone":19,"minecraft:oak_leaves":2,"minecraft:deepslate":214},"minecraft:custom":{"minecraft:interact_with_furnace":21,"minecraft:mob_kills":28,"minecraft:interact_with_crafting_table":37,"minecraft:leave_game":29,"minecraft:time_since_death":16078,"minecraft:time_since_rest":16134,"minecraft:sprint_one_cm":88556,"minecraft:damage_taken":2166,"minecraft:walk_one_cm":291321,"minecraft:damage_blocked_by_shield":400,"minecraft:drop":41,"minecraft:damage_dealt":5272,"minecraft:damage_dealt_absorbed":43,"minecraft:swim_one_cm":3955,"minecraft:fly_one_cm":145780,"minecraft:open_chest":8,"minecraft:crouch_one_cm":6027,"minecraft:play_time":118852,"minecraft:deaths":5,"minecraft:sneak_time":3990,"minecraft:walk_under_water_one_cm":4519,"minecraft:jump":1371,"minecraft:walk_on_water_one_cm":11711,"minecraft:total_world_time":118852,"minecraft:fall_one_cm":37194},"minecraft:killed":{"minecraft:zombie_villager":2,"minecraft:spider":3,"minecraft:sheep":4,"minecraft:skeleton":5,"alexsmobs:cockroach":1,"minecraft:zombie":7,"minecraft:chicken":2,"minecraft:cow":3},"minecraft:dropped":{"minecraft:cooked_beef":1,"minecraft:diamond":2,"minecraft:crafting_table":1,"minecraft:rotten_flesh":8,"minecraft:cooked_mutton":3,"jeg:scrap":1,"minecraft:azure_bluet":2,"minecraft:stick":2,"minecraft:lava_bucket":1,"minecraft:diamond_pickaxe":1,"minecraft:wooden_pickaxe":1,"minecraft:stone_pickaxe":3,"minecraft:music_disc_cat":1,"create:raw_zinc":14},"minecraft:crafted":{"minecraft:cooked_beef":7,"minecraft:cherry_planks":20,"minecraft:oak_planks":20,"minecraft:diamond_sword":1,"sophisticatedbackpacks:backpack":1,"minecraft:crafting_table":4,"minecraft:diamond_hoe":1,"minecraft:wooden_pickaxe":1,"minecraft:furnace":1,"minecraft:stone_axe":1,"minecraft:cooked_mutton":6,"minecraft:air":0,"minecraft:diamond_pickaxe":2,"minecraft:stick":24,"minecraft:stone_pickaxe":1,"minecraft:iron_ingot":3,"minecraft:iron_pickaxe":1,"minecraft:stone_sword":1,"minecraft:chest":1,"minecraft:torch":20,"create:zinc_ingot":1},"minecraft:used":{"minecraft:cooked_mutton":3,"minecraft:water_bucket":8,"minecraft:stone_sword":80,"minecraft:stone_pickaxe":88,"minecraft:diamond_hoe":506,"minecraft:shield":10,"minecraft:wooden_pickaxe":3,"minecraft:rotten_flesh":1,"minecraft:torch":24,"minecraft:mossy_cobblestone":1,"minecraft:dirt":42,"minecraft:crafting_table":5,"minecraft:diamond_pickaxe":56,"minecraft:lava_bucket":3,"minecraft:iron_pickaxe":210,"minecraft:stone_axe":5,"minecraft:diamond_sword":40,"minecraft:cobblestone":6,"minecraft:furnace":2,"minecraft:bucket":12,"minecraft:andesite":2,"minecraft:cooked_beef":7,"minecraft:cobbled_deepslate":110},"minecraft:picked_up":{"minecraft:pink_petals":41,"minecraft:crafting_table":3,"minecraft:cooked_beef":1,"minecraft:feather":2,"minecraft:azure_bluet":2,"minecraft:chicken":2,"minecraft:andesite":3,"minecraft:leather":5,"minecraft:tuff":2,"create:raw_zinc":14,"minecraft:oak_log":5,"minecraft:cornflower":1,"minecraft:shield":1,"minecraft:gunpowder":2,"minecraft:amethyst_block":1,"minecraft:string":5,"minecraft:lapis_lazuli":46,"minecraft:dirt":42,"minecraft:bone":5,"minecraft:wheat_seeds":2,"minecraft:cobbled_deepslate":263,"minecraft:bucket":1,"minecraft:beef":11,"minecraft:iron_ingot":1,"minecraft:stone_pickaxe":5,"minecraft:oak_planks":7,"minecraft:furnace":1,"minecraft:stick":2,"minecraft:raw_iron":7,"minecraft:torch":4,"minecraft:cherry_log":5,"minecraft:spider_eye":2,"minecraft:redstone":19,"alexsmobs:animal_dictionary":1,"minecraft:mossy_cobblestone":1,"minecraft:arrow":2,"minecraft:rotten_flesh":10,"minecraft:diamond":13,"minecraft:cherry_sapling":2,"minecraft:obsidian":3,"minecraft:mutton":6,"minecraft:coal":39,"minecraft:white_wool":4,"minecraft:cobblestone":23}},"DataVersion":3465}