{"stats":{"minecraft:broken":{"minecraft:stone_sword":1,"minecraft:iron_pickaxe":1,"minecraft:stone_hoe":1,"minecraft:wooden_pickaxe":1},"minecraft:killed":{"alexsmobs:hummingbird":1,"minecraft:spider":8,"minecraft:creeper":2,"minecraft:sheep":4,"minecraft:skeleton":11,"minecraft:zombie":14,"alexsmobs:blue_jay":1,"alexsmobs:terrapin":4,"minecraft:chicken":3,"alexsmobs:centipede_head":1,"minecraft:cow":18},"minecraft:crafted":{"minecraft:cooked_beef":23,"minecraft:oak_planks":44,"minecraft:diamond_sword":1,"minecraft:crafting_table":1,"minecraft:furnace":2,"minecraft:bucket":1,"minecraft:stone_axe":1,"minecraft:cooked_mutton":5,"minecraft:air":0,"minecraft:shield":2,"minecraft:stick":16,"minecraft:stone_pickaxe":1,"minecraft:iron_ingot":11,"minecraft:iron_pickaxe":1,"minecraft:stone_sword":1,"minecraft:white_bed":1,"minecraft:torch":12,"minecraft:stone_hoe":1,"create:zinc_ingot":9},"minecraft:dropped":{"minecraft:iron_ingot":1,"minecraft:rotten_flesh":1,"minecraft:leather":1,"minecraft:coal":1,"minecraft:lava_bucket":2,"minecraft:diamond_sword":1,"minecraft:shield":1,"minecraft:spider_eye":2,"minecraft:stone_pickaxe":2,"minecraft:bucket":1,"create:raw_zinc":10},"minecraft:used":{"minecraft:cooked_mutton":6,"minecraft:stone_sword":160,"minecraft:stone_pickaxe":42,"minecraft:redstone":1,"minecraft:wooden_pickaxe":46,"minecraft:shield":11,"minecraft:stone_hoe":131,"minecraft:rotten_flesh":17,"minecraft:torch":22,"minecraft:dirt":6,"minecraft:crafting_table":7,"minecraft:white_bed":1,"minecraft:tuff":2,"sophisticatedbackpacks:backpack":1,"minecraft:diamond_pickaxe":127,"minecraft:lava_bucket":12,"minecraft:bread":1,"minecraft:chicken":1,"minecraft:iron_pickaxe":253,"minecraft:diamond_sword":59,"minecraft:stone_axe":12,"minecraft:beef":10,"minecraft:furnace":4,"minecraft:bucket":13,"minecraft:egg":3,"minecraft:cooked_beef":12,"minecraft:cobbled_deepslate":91},"minecraft:picked_up":{"minecraft:pink_petals":20,"minecraft:crafting_table":7,"minecraft:feather":4,"minecraft:chicken":3,"minecraft:leather":12,"minecraft:diamond_sword":1,"minecraft:wooden_pickaxe":1,"minecraft:flint":4,"minecraft:tuff":2,"create:raw_zinc":20,"minecraft:oak_log":11,"jeg:scrap":1,"minecraft:gunpowder":5,"minecraft:lapis_lazuli":11,"minecraft:music_disc_cat":1,"minecraft:string":5,"minecraft:dirt":6,"minecraft:cooked_mutton":3,"minecraft:bone":14,"minecraft:wheat_seeds":2,"minecraft:raw_gold":5,"minecraft:cobbled_deepslate":270,"alexsmobs:cockroach_wing_fragment":1,"minecraft:beef":32,"minecraft:stone_pickaxe":1,"minecraft:light_gray_wool":1,"minecraft:sugar_cane":10,"minecraft:egg":3,"minecraft:furnace":5,"minecraft:stick":3,"minecraft:raw_iron":28,"minecraft:torch":11,"sophisticatedbackpacks:backpack":2,"minecraft:gravel":17,"minecraft:lava_bucket":3,"minecraft:amethyst_shard":8,"minecraft:white_bed":1,"minecraft:pointed_dripstone":2,"minecraft:diorite":1,"minecraft:redstone":185,"minecraft:spider_eye":3,"alexsmobs:centipede_leg":2,"minecraft:mossy_cobblestone":1,"minecraft:arrow":10,"minecraft:rotten_flesh":23,"minecraft:diamond":6,"minecraft:oak_sapling":1,"minecraft:obsidian":16,"minecraft:mutton":6,"minecraft:coal":10,"minecraft:white_wool":3,"minecraft:cobblestone":43,"minecraft:diamond_pickaxe":1},"minecraft:custom":{"minecraft:interact_with_furnace":35,"minecraft:mob_kills":69,"minecraft:interact_with_crafting_table":14,"minecraft:leave_game":8,"minecraft:time_since_death":7908,"minecraft:sleep_in_bed":1,"minecraft:time_since_rest":2925,"minecraft:sprint_one_cm":333517,"minecraft:damage_taken":3084,"minecraft:walk_one_cm":237981,"minecraft:damage_blocked_by_shield":320,"minecraft:drop":14,"minecraft:damage_dealt":9763,"minecraft:player_kills":2,"minecraft:damage_dealt_absorbed":37,"minecraft:swim_one_cm":4669,"minecraft:fly_one_cm":300224,"minecraft:open_chest":9,"minecraft:crouch_one_cm":14244,"minecraft:play_time":116529,"minecraft:deaths":6,"minecraft:sneak_time":9394,"minecraft:walk_under_water_one_cm":533,"minecraft:jump":2677,"minecraft:fall_one_cm":54554,"minecraft:walk_on_water_one_cm":9376,"minecraft:total_world_time":116529},"minecraft:mined":{"create:zinc_ore":10,"minecraft:deepslate_redstone_ore":44,"minecraft:tuff":2,"minecraft:white_bed":1,"minecraft:deepslate_diamond_ore":6,"minecraft:amethyst_cluster":2,"minecraft:sculk_vein":5,"minecraft:obsidian":17,"minecraft:crafting_table":6,"minecraft:torch":3,"minecraft:grass_block":3,"minecraft:sculk_sensor":3,"minecraft:redstone_wire":1,"minecraft:tall_grass":3,"minecraft:deepslate_gold_ore":5,"minecraft:sugar_cane":3,"minecraft:sculk":126,"minecraft:diorite":1,"minecraft:wall_torch":10,"minecraft:spawner":1,"minecraft:pink_petals":1,"minecraft:furnace":5,"minecraft:iron_ore":5,"minecraft:cobbled_deepslate":55,"minecraft:deepslate_lapis_ore":2,"minecraft:grass":33,"minecraft:coal_ore":3,"minecraft:oak_log":11,"minecraft:deepslate_iron_ore":23,"minecraft:small_amethyst_bud":1,"minecraft:gravel":22,"minecraft:dirt":1,"minecraft:stone":43,"minecraft:oak_leaves":4,"sophisticatedbackpacks:backpack":1,"minecraft:deepslate":220},"minecraft:killed_by":{"minecraft:skeleton":1,"minecraft:creeper":1,"minecraft:spider":1,"minecraft:zombie":1}},"DataVersion":3465}